iso,rep,hop,type,ms,ok
2026-07-21T19:35:24.103Z,0,0,ping,7606,true
2026-07-21T19:35:30.445Z,0,0,env,3338,true
2026-07-21T19:35:38.261Z,0,0,status,4815,true
2026-07-21T19:36:01.051Z,0,0,config,19789,true
2026-07-21T19:36:17.432Z,0,0,debug,13380,true
2026-07-21T19:36:25.352Z,0,0,sch,4919,true
2026-07-21T19:36:38.994Z,0,1,ping,5601,true
2026-07-21T19:36:47.253Z,0,1,env,5258,true
2026-07-21T19:37:50.255Z,0,1,status,,false
2026-07-21T19:37:57.048Z,0,1,config,3792,true
2026-07-21T19:39:00.051Z,0,1,debug,,false
2026-07-21T19:39:07.177Z,0,1,sch,4124,true
2026-07-21T19:39:23.682Z,0,2,ping,8957,true
2026-07-21T19:39:31.193Z,0,2,env,4510,true
2026-07-21T19:39:43.348Z,0,2,status,9154,true
2026-07-21T19:39:51.801Z,0,2,config,5452,true
2026-07-21T19:40:25.116Z,0,2,debug,30314,true
2026-07-21T19:40:33.213Z,0,2,sch,5097,true
2026-07-21T19:40:57.905Z,0,3,ping,9396,true
2026-07-21T19:41:05.154Z,0,3,env,4248,true
2026-07-21T19:42:08.156Z,0,3,status,,false
2026-07-21T19:43:11.158Z,0,3,config,,false
2026-07-21T19:43:18.143Z,0,3,debug,3985,true
2026-07-21T19:43:27.992Z,0,3,sch,6848,true
2026-07-21T19:43:55.175Z,1,0,ping,20677,true
2026-07-21T19:44:17.754Z,1,0,env,19578,true
2026-07-21T19:45:20.756Z,1,0,status,,false
2026-07-21T19:45:27.458Z,1,0,config,3701,true
2026-07-21T19:46:30.461Z,1,0,debug,,false
2026-07-21T19:46:37.088Z,1,0,sch,3626,true
2026-07-21T19:46:49.806Z,1,1,ping,6824,true
2026-07-21T19:46:56.867Z,1,1,env,4061,true
2026-07-21T19:47:59.867Z,1,1,status,,false
2026-07-21T19:48:08.081Z,1,1,config,5213,true
2026-07-21T19:48:24.684Z,1,1,debug,13603,true
2026-07-21T19:48:33.320Z,1,1,sch,5636,true
2026-07-21T19:48:46.821Z,1,2,ping,6654,true
2026-07-21T19:49:49.822Z,1,2,env,,false
2026-07-21T19:49:57.913Z,1,2,status,5091,true
2026-07-21T19:50:08.441Z,1,2,config,7527,true
2026-07-21T19:50:16.891Z,1,2,debug,5450,true
2026-07-21T19:50:34.402Z,1,2,sch,14511,true
2026-07-21T19:50:45.488Z,1,3,ping,5036,true
2026-07-21T19:51:48.488Z,1,3,env,,false
2026-07-21T19:51:56.186Z,1,3,status,4698,true
2026-07-21T19:52:10.361Z,1,3,config,11174,true
2026-07-21T19:52:20.079Z,1,3,debug,6717,true
2026-07-21T19:53:23.080Z,1,3,sch,,false
2026-07-21T19:53:36.030Z,2,0,ping,7018,true
2026-07-21T19:53:43.061Z,2,0,env,4030,true
2026-07-21T19:54:46.063Z,2,0,status,,false
2026-07-21T19:54:52.572Z,2,0,config,3508,true
2026-07-21T19:55:00.820Z,2,0,debug,5247,true
2026-07-21T19:55:08.249Z,2,0,sch,4429,true
2026-07-21T19:55:25.316Z,2,1,ping,9609,true
2026-07-21T19:55:57.245Z,2,1,env,28928,true
2026-07-21T19:57:00.247Z,2,1,status,,false
2026-07-21T19:57:06.953Z,2,1,config,3706,true
2026-07-21T19:57:21.696Z,2,1,debug,11743,true
2026-07-21T19:57:29.145Z,2,1,sch,4449,true
2026-07-21T19:57:43.489Z,2,2,ping,7357,true
2026-07-21T19:58:46.491Z,2,2,env,,false
2026-07-21T19:58:53.906Z,2,2,status,4414,true
2026-07-21T19:59:11.790Z,2,2,config,14884,true
2026-07-21T20:00:14.791Z,2,2,debug,,false
2026-07-21T20:00:21.856Z,2,2,sch,4064,true
2026-07-21T20:00:41.076Z,2,3,ping,13117,true
2026-07-21T20:00:51.372Z,2,3,env,7296,true
2026-07-21T20:00:58.964Z,2,3,status,4591,true
2026-07-21T20:02:01.966Z,2,3,config,,false
2026-07-21T20:02:09.225Z,2,3,debug,4259,true
2026-07-21T20:02:16.072Z,2,3,sch,3846,true
2026-07-21T20:02:26.679Z,3,0,ping,4005,true
2026-07-21T20:02:40.591Z,3,0,env,10911,true
2026-07-21T20:03:12.488Z,3,0,status,28895,true
2026-07-21T20:03:19.116Z,3,0,config,3628,true
2026-07-21T20:03:27.353Z,3,0,debug,5236,true
2026-07-21T20:03:36.347Z,3,0,sch,5992,true
2026-07-21T20:03:48.711Z,3,1,ping,5663,true
2026-07-21T20:04:44.836Z,3,1,env,53124,true
2026-07-21T20:04:53.453Z,3,1,status,5617,true
2026-07-21T20:05:02.786Z,3,1,config,6333,true
2026-07-21T20:05:10.712Z,3,1,debug,4926,true
2026-07-21T20:06:13.712Z,3,1,sch,,false
2026-07-21T20:06:27.560Z,3,2,ping,6290,true
2026-07-21T20:06:42.916Z,3,2,env,12356,true
2026-07-21T20:07:45.917Z,3,2,status,,false
2026-07-21T20:07:52.627Z,3,2,config,3709,true
2026-07-21T20:08:06.822Z,3,2,debug,11194,true
2026-07-21T20:08:14.003Z,3,2,sch,4181,true
2026-07-21T20:08:30.685Z,3,3,ping,8771,true
2026-07-21T20:09:33.685Z,3,3,env,,false
2026-07-21T20:10:36.687Z,3,3,status,,false
2026-07-21T20:11:39.688Z,3,3,config,,false
2026-07-21T20:11:46.625Z,3,3,debug,3936,true
2026-07-21T20:11:54.051Z,3,3,sch,4425,true
2026-07-21T20:13:00.345Z,4,0,ping,,false
2026-07-21T20:14:03.345Z,4,0,env,,false
2026-07-21T20:15:06.347Z,4,0,status,,false
2026-07-21T20:15:13.485Z,4,0,config,4138,true
2026-07-21T20:15:23.483Z,4,0,debug,6997,true
2026-07-21T20:15:31.448Z,4,0,sch,4963,true
2026-07-21T20:15:45.055Z,4,1,ping,6860,true
2026-07-21T20:16:01.504Z,4,1,env,13447,true
2026-07-21T20:16:11.759Z,4,1,status,7250,true
2026-07-21T20:16:19.680Z,4,1,config,4921,true
2026-07-21T20:16:26.664Z,4,1,debug,3984,true
2026-07-21T20:16:36.208Z,4,1,sch,6544,true
2026-07-21T20:16:51.767Z,4,2,ping,8362,true
2026-07-21T20:17:54.769Z,4,2,env,,false
2026-07-21T20:18:02.543Z,4,2,status,4773,true
2026-07-21T20:18:13.936Z,4,2,config,8393,true
2026-07-21T20:18:26.592Z,4,2,debug,9654,true
2026-07-21T20:18:34.375Z,4,2,sch,4782,true
2026-07-21T20:19:48.089Z,4,3,ping,,false
2026-07-21T20:19:55.339Z,4,3,env,4250,true
2026-07-21T20:20:06.072Z,4,3,status,7732,true
2026-07-21T20:20:13.432Z,4,3,config,4359,true
2026-07-21T20:20:23.247Z,4,3,debug,6815,true
2026-07-21T20:20:30.521Z,4,3,sch,4274,true
